Order ID,Order Date,Customer ID,Product ID,Store ID,Sales Rep ID,Quantity,Sales Amount,Cost Amount,Gross Profit,Store Name,Category
ORD600001,02/06/2025,C00003,P003,S001,R002,3,894,595.72,298.28, London Flagship,Accessories
ORD600001,02/06/2025,C00003,P003,S001,R002,3,894,595.72,298.28, London Flagship,Accessories
ORD600002,03/06/2025,C00003,P004,S002,R003,2,2425,1912.81,512.19,Manchester Arndale,electronics
ORD600003,04/06/2025,C00003,P004,S002,R002,4,687,505.52,181.48,Manchester Arndale,ELECTRONICS
ORD600004,05/06/2025,C00002,P004,S002,R001,5,640,384.97,255.03, Manchester Arndale,ELECTRONICS
ORD600005,06/06/2025,C00002,P006,S003,R001,5,167,102.53,64.47,Birmingham Central,gaming
ORD600006,07/06/2025,C00001,P001,S003,R003,3,1668,1042.82,625.18, Birmingham Central,Electronics
ORD600007,08/06/2025,C00002,P001,S003,R003,1,1471,1055.13,415.87,Birmingham Central,Electronics
ORD600008,09/06/2025,C00002,P002,S003,R002,2,673,386.5,286.5,BIRMINGHAM CENTRAL,electronics
ORD600009,10/06/2025,C00004,P002,S002,R001,4,479,317.48,161.52,MANCHESTER ARNDALE,Electronics
ORD600010,11/06/2025,C00003,P002,S002,R003,4,850,601.78,248.22,Manchester Arndale,ELECTRONICS
ORD600011,12/06/2025,C00003,P005,S002,R001,4,1819,1451.18,367.82,Manchester Arndale,home office
ORD600012,13/06/2025,C00001,P006,S001,R001,4,1980,1163.57,816.43,London Flagship,gaming
ORD600013,14/06/2025,C00002,P001,S003,R002,5,2312,1825.31,486.69,Birmingham Central,Electronics
ORD600014,15/06/2025,C00003,P005,S002,R002,5,2297,1611.33,685.67, Manchester Arndale,home office
ORD600015,16/06/2025,C00002,P004,S001,R003,4,1716,1101.17,614.83, London Flagship,ELECTRONICS
ORD600016,17/06/2025,C00003,P004,S001,R002,1,1665,1009.22,655.78,LONDON FLAGSHIP,ELECTRONICS
ORD600017,18/06/2025,C00001,P004,S001,R003,2,283,174.31,108.69,London Flagship,ELECTRONICS
ORD600018,19/06/2025,C00001,P003,S001,R001,1,2322,1577.74,744.26,LONDON FLAGSHIP,accessories
ORD600019,20/06/2025,C00004,P003,S002,R001,5,2094,1436.9,657.1, Manchester Arndale,Accessories
ORD600020,21/06/2025,C00004,P004,S003,R002,3,1073,706.1,366.9,Birmingham Central ,Electronics
ORD600021,22/06/2025,C00004,P001,S003,R003,3,2198,1505.72,692.28,Birmingham Central ,ELECTRONICS
ORD600022,23/06/2025,C00001,P005,S001,R002,2,2204,1441.9,762.1,London Flagship ,home office
ORD600023,24/06/2025,C00002,P001,S001,R001,4,1687,1089.67,597.33,LONDON FLAGSHIP,Electronics
ORD600024,25/06/2025,C00003,P001,S001,R002,5,1750,983.56,766.44,London Flagship ,Electronics
ORD600025,26/06/2025,C00004,P004,S001,R001,1,1033,719.57,313.43, London Flagship,Electronics
ORD600026,27/06/2025,C00002,P006,S001,R003,1,200,145.44,54.56,London Flagship,GAMING
ORD600027,28/06/2025,C00004,P006,S001,R003,3,397,316.95,80.05,London Flagship,gaming
ORD600028,01/06/2025,C00004,P003,S001,R002,3,1390,898.34,491.66,London Flagship ,ACCESSORIES
ORD600029,02/06/2025,C00003,P005,S003,R003,1,650,421.52,228.48,Birmingham Central,HOME OFFICE
ORD600030,03/06/2025,C00002,P003,S002,R003,5,1528,1075.51,452.49,MANCHESTER ARNDALE,ACCESSORIES
ORD600031,04/06/2025,C00002,P006,S003,R003,2,318,250.02,67.98,BIRMINGHAM CENTRAL,GAMING
ORD600032,05/06/2025,C00002,P002,S001,R002,5,781,518.67,262.33,London Flagship ,Electronics
ORD600033,06/06/2025,C00004,P006,S002,R003,3,674,416.02,257.98, Manchester Arndale,Gaming
ORD600034,07/06/2025,C00003,P005,S001,R002,5,2019,1399.8,619.2,London Flagship ,home office
ORD600035,08/06/2025,C00002,P002,S001,R002,5,213,122.23,90.77,LONDON FLAGSHIP,Electronics
ORD600036,09/06/2025,C00001,P003,S002,R003,5,1885,1310.58,574.42,MANCHESTER ARNDALE,accessories
ORD600037,10/06/2025,C00002,P003,S003,R001,5,1580,1090.08,489.92,BIRMINGHAM CENTRAL,accessories
ORD600038,11/06/2025,C00001,P003,S002,R002,5,1883,1079.91,803.09, Manchester Arndale,ACCESSORIES
ORD600039,12/06/2025,C00003,P006,S002,R003,2,1127,774.33,352.67, Manchester Arndale,Gaming
ORD600040,13/06/2025,C00002,P005,S003,R001,2,2410,1385.16,1024.84,Birmingham Central ,Home Office
ORD600041,14/06/2025,C00002,P004,S002,R001,2,156,101.94,54.06,Manchester Arndale,electronics
ORD600042,15/06/2025,C00001,P001,S001,R001,4,2187,1655.18,531.82, London Flagship,Electronics
ORD600043,16/06/2025,C00001,P003,S001,R003,5,1605,1037.07,567.93,London Flagship,Accessories
ORD600044,17/06/2025,C00002,P006,S003,R002,1,563,411.84,151.16,Birmingham Central ,Gaming
ORD600045,18/06/2025,C00002,P006,S001,R002,2,1736,1036.67,699.33,London Flagship,Gaming
ORD600046,19/06/2025,C00004,P006,S003,R002,5,1403,996.23,406.77, Birmingham Central,gaming
ORD600047,20/06/2025,C00001,P002,S003,R002,4,579,401.2,177.8,Birmingham Central,Electronics
ORD600048,21/06/2025,C00001,P005,S003,R001,5,1638,1067.09,570.91,Birmingham Central ,Home Office
ORD600049,22/06/2025,C00004,P003,S003,R001,5,701,516.6,184.4,Birmingham Central ,Accessories
ORD600050,23/06/2025,C00001,P002,S002,R001,5,1829,1360.54,468.46,Manchester Arndale,ELECTRONICS
ORD600051,24/06/2025,C00002,P004,S002,R003,2,1335,856.18,478.82,Manchester Arndale,ELECTRONICS
ORD600052,25/06/2025,C00003,P002,S003,R003,1,1720,1356.4,363.6,Birmingham Central ,ELECTRONICS
ORD600053,26/06/2025,C00004,P004,S001,R001,2,596,337.5,258.5,London Flagship,Electronics
ORD600054,27/06/2025,C00001,P002,S002,R001,2,1623,1128.92,494.08,Manchester Arndale ,electronics
ORD600055,28/06/2025,C00003,P002,S001,R001,4,153,119.46,33.54, London Flagship,ELECTRONICS
ORD600056,01/06/2025,C00001,P004,S002,R002,4,778,590.87,187.13, Manchester Arndale,electronics
ORD600057,02/06/2025,C00004,P005,S002,R003,5,1909,1319.81,589.19, Manchester Arndale,Home Office
ORD600058,03/06/2025,C00001,P005,S001,R001,4,115,77.6,37.4,London Flagship,Home Office
ORD600059,04/06/2025,C00003,P001,S001,R003,3,1630,973.06,656.94,London Flagship,ELECTRONICS
ORD600060,05/06/2025,C00001,P005,S003,R001,4,1281,890.36,390.64, Birmingham Central,home office
ORD600061,06/06/2025,C00004,P002,S001,R002,4,305,195.67,109.33,London Flagship,Electronics
ORD600062,07/06/2025,C00001,P002,S001,R003,2,2236,1266.1,969.9,LONDON FLAGSHIP,ELECTRONICS
ORD600063,08/06/2025,C00004,P002,S001,R002,1,2285,1800.27,484.73,LONDON FLAGSHIP,ELECTRONICS
ORD600064,09/06/2025,C00002,P004,S001,R003,5,1299,924.77,374.23, London Flagship,ELECTRONICS
ORD600065,10/06/2025,C00002,P006,S003,R001,4,1983,1558.04,424.96,BIRMINGHAM CENTRAL,Gaming
ORD600066,11/06/2025,C00001,P006,S002,R002,2,2379,1803.33,575.67,MANCHESTER ARNDALE,gaming
ORD600067,12/06/2025,C00003,P004,S002,R002,1,415,283.68,131.32, Manchester Arndale,electronics
ORD600068,13/06/2025,C00001,P004,S003,R002,3,392,246.25,145.75,BIRMINGHAM CENTRAL,electronics
ORD600069,14/06/2025,C00001,P001,S001,R003,5,567,361.46,205.54, London Flagship,Electronics
ORD600070,15/06/2025,C00002,P001,S003,R002,5,699,428.14,270.86,Birmingham Central,Electronics
ORD600071,16/06/2025,C00003,P003,S003,R002,1,201,138.6,62.4,Birmingham Central ,Accessories
ORD600072,17/06/2025,C00003,P005,S003,R002,2,989,570.79,418.21,Birmingham Central ,HOME OFFICE
ORD600073,18/06/2025,C00001,P002,S002,R002,5,337,219.35,117.65,MANCHESTER ARNDALE,Electronics
ORD600074,19/06/2025,C00003,P006,S002,R001,1,1746,1234.53,511.47, Manchester Arndale,GAMING
ORD600075,20/06/2025,C00001,P003,S003,R002,4,813,468.83,344.17, Birmingham Central,accessories
ORD600076,21/06/2025,C00001,P001,S002,R001,4,2251,1611.28,639.72,Manchester Arndale,Electronics
ORD600077,22/06/2025,C00001,P004,S002,R003,3,864,588.88,275.12,Manchester Arndale,electronics
ORD600078,23/06/2025,C00002,P006,S002,R001,1,1349,840.55,508.45,Manchester Arndale,Gaming
ORD600079,24/06/2025,C00001,P005,S003,R002,5,2068,1469.71,598.29,Birmingham Central ,HOME OFFICE
ORD600080,25/06/2025,C00004,P004,S002,R003,4,1036,627.06,408.94, Manchester Arndale,ELECTRONICS
ORD600081,26/06/2025,C00003,P001,S003,R001,1,1990,1533.94,456.06,Birmingham Central,electronics
ORD600082,27/06/2025,C00003,P003,S002,R002,3,1097,750.09,346.91,Manchester Arndale ,accessories
ORD600083,28/06/2025,C00001,P004,S002,R002,4,532,299.87,232.13,Manchester Arndale,ELECTRONICS
ORD600084,01/06/2025,C00004,P001,S002,R002,3,1545,1037.95,507.05,Manchester Arndale ,electronics
ORD600085,02/06/2025,C00002,P001,S003,R002,2,392,290.25,101.75,Birmingham Central,Electronics
ORD600086,03/06/2025,C00001,P005,S001,R002,4,488,298.33,189.67,LONDON FLAGSHIP,HOME OFFICE
ORD600087,04/06/2025,C00004,P006,S003,R003,3,2320,1358.64,961.36,Birmingham Central,gaming
ORD600088,05/06/2025,C00001,P006,S003,R001,2,1719,982.31,736.69,Birmingham Central ,Gaming
ORD600089,06/06/2025,C00003,P002,S001,R002,5,578,389.03,188.97, London Flagship,ELECTRONICS
ORD600090,07/06/2025,C00003,P001,S001,R003,4,1138,697.22,440.78,London Flagship ,electronics
ORD600091,08/06/2025,C00002,P004,S002,R001,5,2197,1226.57,970.43,MANCHESTER ARNDALE,Electronics
ORD600092,09/06/2025,C00004,P003,S003,R002,2,440,263.38,176.62,Birmingham Central,ACCESSORIES
ORD600093,10/06/2025,C00004,P006,S002,R003,1,893,624.01,268.99,Manchester Arndale,Gaming
ORD600094,11/06/2025,C00004,P003,S002,R003,5,1512,940.47,571.53,Manchester Arndale,ACCESSORIES
ORD600095,12/06/2025,C00001,P002,S001,R002,5,1861,1030.26,830.74,London Flagship ,ELECTRONICS
ORD600096,13/06/2025,C00002,P006,S001,R002,2,1416,867.63,548.37,LONDON FLAGSHIP,gaming
ORD600097,14/06/2025,C00003,P004,S003,R001,3,797,480.04,316.96, Birmingham Central,electronics
ORD600098,15/06/2025,C00004,P003,S001,R001,3,602,337.34,264.66,London Flagship ,Accessories
ORD600099,16/06/2025,C00002,P005,S003,R001,4,344,202.37,141.63,Birmingham Central,HOME OFFICE
ORD600100,17/06/2025,C00001,P003,S002,R001,2,1177,911.49,265.51,MANCHESTER ARNDALE,accessories
ORD600101,18/06/2025,C00002,P005,S003,R001,2,2184,1242.98,941.02, Birmingham Central,HOME OFFICE
ORD600102,19/06/2025,C00003,P003,S001,R001,1,467,346.99,120.01, London Flagship,ACCESSORIES
ORD600103,20/06/2025,C00004,P006,S002,R003,3,609,446.33,162.67, Manchester Arndale,GAMING
ORD600104,21/06/2025,C00001,P003,S002,R002,2,159,105.17,53.83,Manchester Arndale,Accessories
ORD600105,22/06/2025,C00002,P002,S002,R001,5,1160,673.39,486.61,MANCHESTER ARNDALE,electronics
ORD600106,23/06/2025,C00001,P002,S002,R002,3,1329,805.59,523.41,MANCHESTER ARNDALE,ELECTRONICS
ORD600107,24/06/2025,C00004,P005,S002,R003,3,220,135.33,84.67,Manchester Arndale,HOME OFFICE
ORD600108,25/06/2025,C00003,P001,S001,R001,2,2053,1500.3,552.7,London Flagship ,electronics
ORD600109,26/06/2025,C00003,P001,S003,R002,3,1179,802.89,376.11,Birmingham Central,electronics
ORD600110,27/06/2025,C00001,P001,S003,R003,3,989,558.06,430.94,Birmingham Central,ELECTRONICS
ORD600111,28/06/2025,C00002,P003,S001,R003,3,102,58.85,43.15,London Flagship,Accessories
ORD600112,01/06/2025,C00004,P006,S002,R002,3,191,109.68,81.32,Manchester Arndale,Gaming
ORD600113,02/06/2025,C00004,P004,S003,R001,4,2489,1678.66,810.34,BIRMINGHAM CENTRAL,electronics
ORD600114,03/06/2025,C00004,P001,S002,R002,1,2267,1645.95,621.05,Manchester Arndale,electronics
ORD600115,04/06/2025,C00002,P001,S003,R003,5,780,561.16,218.84, Birmingham Central,electronics
ORD600116,05/06/2025,C00002,P006,S002,R001,3,156,124.04,31.96, Manchester Arndale,gaming
ORD600117,06/06/2025,C00002,P002,S001,R003,4,1010,605.49,404.51, London Flagship,Electronics
ORD600118,07/06/2025,C00001,P003,S002,R002,3,1939,1474.09,464.91,MANCHESTER ARNDALE,Accessories
ORD600119,08/06/2025,C00001,P004,S002,R003,3,301,184.25,116.75, Manchester Arndale,electronics
ORD600120,09/06/2025,C00002,P001,S003,R003,2,577,338.01,238.99, Birmingham Central,Electronics
ORD600121,10/06/2025,C00004,P005,S003,R001,2,2357,1876.27,480.73,BIRMINGHAM CENTRAL,home office
ORD600122,11/06/2025,C00003,P001,S002,R003,5,2323,1686.98,636.02,Manchester Arndale ,electronics
ORD600123,12/06/2025,C00004,P001,S002,R002,2,1071,720.96,350.04,MANCHESTER ARNDALE,Electronics
ORD600124,13/06/2025,C00003,P001,S001,R001,1,995,718.86,276.14,London Flagship,electronics
ORD600125,14/06/2025,C00001,P006,S003,R003,3,1787,1078.75,708.25,Birmingham Central,GAMING
ORD600126,15/06/2025,C00004,P002,S001,R002,1,1257,877.15,379.85,London Flagship,electronics
ORD600127,16/06/2025,C00004,P002,S003,R001,4,313,190.99,122.01,BIRMINGHAM CENTRAL,ELECTRONICS
ORD600128,17/06/2025,C00003,P004,S001,R001,2,1452,920.59,531.41,LONDON FLAGSHIP,ELECTRONICS
ORD600129,18/06/2025,C00002,P005,S003,R001,1,2279,1363.79,915.21,Birmingham Central ,home office
ORD600130,19/06/2025,C00002,P003,S003,R001,5,1439,1027.52,411.48, Birmingham Central,ACCESSORIES
ORD600131,20/06/2025,C00001,P004,S003,R001,1,729,558.98,170.02,Birmingham Central,ELECTRONICS
ORD600132,21/06/2025,C00004,P001,S002,R003,2,1352,782.64,569.36,Manchester Arndale,ELECTRONICS
ORD600133,22/06/2025,C00004,P005,S001,R001,2,2496,1486.16,1009.84,LONDON FLAGSHIP,HOME OFFICE
ORD600134,23/06/2025,C00003,P004,S002,R003,1,890,665.63,224.37,MANCHESTER ARNDALE,electronics
ORD600135,24/06/2025,C00002,P006,S001,R001,1,302,209.93,92.07,London Flagship ,Gaming
ORD600136,25/06/2025,C00003,P005,S003,R002,1,1163,829.45,333.55,Birmingham Central ,Home Office
ORD600137,26/06/2025,C00001,P005,S001,R003,4,153,97.94,55.06, London Flagship,Home Office
ORD600138,27/06/2025,C00001,P004,S003,R001,3,910,688.64,221.36,BIRMINGHAM CENTRAL,electronics
ORD600139,28/06/2025,C00001,P004,S001,R003,5,655,379.67,275.33,London Flagship,ELECTRONICS
ORD600140,01/06/2025,C00003,P004,S002,R003,4,2019,1550.37,468.63,MANCHESTER ARNDALE,electronics
ORD600141,02/06/2025,C00004,P004,S002,R003,5,2289,1657.68,631.32, Manchester Arndale,electronics
ORD600142,03/06/2025,C00001,P006,S001,R002,3,1635,902.93,732.07, London Flagship,Gaming
ORD600143,04/06/2025,C00002,P002,S001,R002,4,1432,973.22,458.78,London Flagship,ELECTRONICS
ORD600144,05/06/2025,C00003,P003,S001,R003,4,2108,1359.8,748.2,London Flagship,Accessories
ORD600145,06/06/2025,C00001,P003,S001,R002,5,2203,1478.04,724.96,London Flagship ,Accessories
ORD600146,07/06/2025,C00004,P006,S001,R003,2,1516,1011.4,504.6,London Flagship,Gaming
ORD600147,08/06/2025,C00002,P005,S002,R002,4,517,411.58,105.42,Manchester Arndale,Home Office
ORD600148,09/06/2025,C00003,P002,S001,R002,2,2053,1173.53,879.47,London Flagship,ELECTRONICS
ORD600149,10/06/2025,C00004,P004,S001,R002,4,1129,672.51,456.49,London Flagship,Electronics
ORD600150,11/06/2025,C00004,P006,S001,R001,1,868,521.16,346.84,London Flagship,Gaming
ORD600151,12/06/2025,C00003,P004,S002,R001,4,956,677.3,278.7,Manchester Arndale,electronics
ORD600152,13/06/2025,C00002,P003,S001,R001,5,1509,1015.04,493.96,London Flagship,Accessories
ORD600153,14/06/2025,C00001,P004,S002,R003,2,752,455.79,296.21, Manchester Arndale,electronics
ORD600154,15/06/2025,C00001,P005,S003,R001,5,1859,1241.73,617.27, Birmingham Central,HOME OFFICE
ORD600155,16/06/2025,C00001,P004,S002,R002,1,1582,874.56,707.44,Manchester Arndale ,electronics
ORD600156,17/06/2025,C00004,P006,S003,R002,1,1223,940.93,282.07,BIRMINGHAM CENTRAL,Gaming
ORD600157,18/06/2025,C00001,P005,S001,R003,4,1887,1450.55,436.45, London Flagship,HOME OFFICE
ORD600158,19/06/2025,C00004,P001,S001,R003,2,940,551.43,388.57,LONDON FLAGSHIP,ELECTRONICS
ORD600159,20/06/2025,C00001,P005,S002,R003,3,388,242.71,145.29,MANCHESTER ARNDALE,home office
ORD600160,21/06/2025,C00004,P006,S002,R001,4,550,328.9,221.1,Manchester Arndale,GAMING
ORD600161,22/06/2025,C00001,P005,S003,R003,4,668,452.11,215.89, Birmingham Central,home office
ORD600162,23/06/2025,C00003,P005,S001,R002,5,791,469.4,321.6,LONDON FLAGSHIP,HOME OFFICE
ORD600163,24/06/2025,C00003,P006,S002,R002,2,1649,1166.38,482.62,MANCHESTER ARNDALE,Gaming
ORD600164,25/06/2025,C00004,P006,S001,R001,5,1259,735.44,523.56, London Flagship,Gaming
ORD600165,26/06/2025,C00002,P004,S002,R001,3,1830,1342.89,487.11, Manchester Arndale,Electronics
ORD600166,27/06/2025,C00003,P002,S001,R003,3,1686,1290.76,395.24, London Flagship,electronics
ORD600167,28/06/2025,C00001,P005,S003,R002,3,101,71.02,29.98,BIRMINGHAM CENTRAL,Home Office
ORD600168,01/06/2025,C00002,P004,S003,R003,1,893,598.96,294.04,Birmingham Central,ELECTRONICS
ORD600169,02/06/2025,C00001,P004,S001,R001,3,712,395.92,316.08,LONDON FLAGSHIP,electronics
ORD600170,03/06/2025,C00002,P004,S003,R001,4,2201,1495.01,705.99,BIRMINGHAM CENTRAL,electronics
ORD600171,04/06/2025,C00004,P006,S002,R002,2,602,421.53,180.47,Manchester Arndale,gaming
ORD600172,05/06/2025,C00001,P001,S001,R002,1,2174,1636.57,537.43, London Flagship,ELECTRONICS
ORD600173,06/06/2025,C00003,P004,S002,R002,5,475,313.53,161.47, Manchester Arndale,electronics
ORD600174,07/06/2025,C00003,P006,S002,R003,5,2474,1758.02,715.98, Manchester Arndale,Gaming
ORD600175,08/06/2025,C00002,P002,S003,R003,2,2006,1245.78,760.22,Birmingham Central ,ELECTRONICS
ORD600176,09/06/2025,C00002,P006,S002,R001,5,402,244.96,157.04, Manchester Arndale,GAMING
ORD600177,10/06/2025,C00003,P005,S001,R001,2,2068,1547.07,520.93, London Flagship,home office
ORD600178,11/06/2025,C00003,P003,S003,R003,5,1874,1364.32,509.68,Birmingham Central ,Accessories
ORD600179,12/06/2025,C00001,P005,S003,R001,3,588,398.69,189.31,Birmingham Central ,HOME OFFICE
ORD600180,13/06/2025,C00003,P004,S002,R001,3,1406,781.02,624.98,Manchester Arndale,Electronics
ORD600181,14/06/2025,C00001,P001,S002,R002,1,1227,805.6,421.4,Manchester Arndale,electronics
ORD600182,15/06/2025,C00002,P006,S001,R001,3,498,377.87,120.13,London Flagship ,gaming
ORD600183,16/06/2025,C00003,P001,S001,R001,3,1205,792.65,412.35,London Flagship,Electronics
ORD600184,17/06/2025,C00001,P003,S001,R001,5,2489,1917.07,571.93, London Flagship,accessories
ORD600185,18/06/2025,C00003,P006,S001,R003,3,828,521.46,306.54,LONDON FLAGSHIP,Gaming
ORD600186,19/06/2025,C00002,P002,S001,R001,3,615,395.12,219.88,London Flagship ,ELECTRONICS
ORD600187,20/06/2025,C00004,P006,S002,R003,3,2168,1681.77,486.23,MANCHESTER ARNDALE,gaming
ORD600188,21/06/2025,C00004,P002,S002,R002,1,2223,1559.65,663.35, Manchester Arndale,Electronics
ORD600189,22/06/2025,C00003,P003,S002,R003,4,1293,948.61,344.39,Manchester Arndale,ACCESSORIES
ORD600190,23/06/2025,C00003,P005,S003,R001,4,2263,1732.18,530.82,Birmingham Central,HOME OFFICE
ORD600191,24/06/2025,C00003,P001,S002,R003,4,2011,1255.5,755.5,MANCHESTER ARNDALE,electronics
ORD600192,25/06/2025,C00002,P006,S003,R001,3,1550,1131.11,418.89, Birmingham Central,GAMING
ORD600193,26/06/2025,C00004,P006,S003,R002,3,165,131.21,33.79,Birmingham Central ,GAMING
ORD600194,27/06/2025,C00002,P001,S003,R001,3,417,329.21,87.79,Birmingham Central,electronics
ORD600195,28/06/2025,C00001,P004,S003,R001,5,311,208.16,102.84,Birmingham Central,ELECTRONICS
ORD600196,01/06/2025,C00001,P003,S003,R001,4,1125,822.44,302.56, Birmingham Central,accessories
ORD600197,02/06/2025,C00003,P006,S002,R002,3,1841,1433.82,407.18,Manchester Arndale,Gaming
ORD600198,03/06/2025,C00001,P003,S003,R001,1,334,229.43,104.57,Birmingham Central,ACCESSORIES
ORD600199,04/06/2025,C00001,P004,S001,R003,4,1274,925.76,348.24,London Flagship ,electronics
ORD600200,05/06/2025,C00001,P006,S001,R001,2,1258,933.14,324.86, London Flagship,GAMING
ORD600201,06/06/2025,C00002,P006,S001,R002,5,1138,823.24,314.76,LONDON FLAGSHIP,GAMING
ORD600202,07/06/2025,C00002,P006,S002,R002,3,1790,1007.79,782.21,Manchester Arndale ,Gaming
ORD600203,08/06/2025,C00004,P003,S003,R003,4,292,165.15,126.85,Birmingham Central ,ACCESSORIES
ORD600204,09/06/2025,C00003,P004,S001,R003,2,1883,1055.61,827.39, London Flagship,ELECTRONICS
ORD600205,10/06/2025,C00002,P006,S001,R003,2,1918,1112.3,805.7, London Flagship,GAMING
ORD600206,11/06/2025,C00002,P003,S003,R002,5,2350,1624.04,725.96, Birmingham Central,Accessories
ORD600207,12/06/2025,C00002,P004,S002,R001,2,1144,860.23,283.77, Manchester Arndale,Electronics
ORD600208,13/06/2025,C00003,P006,S001,R001,5,1121,835.55,285.45,LONDON FLAGSHIP,gaming
ORD600209,14/06/2025,C00002,P004,S003,R002,4,2343,1752.49,590.51,Birmingham Central,Electronics
ORD600210,15/06/2025,C00001,P006,S003,R002,5,1441,1133.9,307.1,BIRMINGHAM CENTRAL,GAMING
ORD600211,16/06/2025,C00001,P004,S001,R001,3,2399,1892.46,506.54,LONDON FLAGSHIP,Electronics
ORD600212,17/06/2025,C00001,P003,S001,R002,2,1243,952.51,290.49, London Flagship,accessories
ORD600213,18/06/2025,C00001,P005,S002,R001,5,271,173.57,97.43,MANCHESTER ARNDALE,HOME OFFICE
ORD600214,19/06/2025,C00001,P005,S001,R001,2,1222,930.13,291.87, London Flagship,Home Office
ORD600215,20/06/2025,C00004,P002,S003,R003,3,1767,1010.01,756.99,Birmingham Central ,ELECTRONICS
ORD600216,21/06/2025,C00002,P001,S001,R001,2,1312,924.44,387.56, London Flagship,electronics
ORD600217,22/06/2025,C00001,P002,S003,R003,2,1514,988.18,525.82,Birmingham Central,Electronics
ORD600218,23/06/2025,C00003,P002,S001,R002,5,1523,1203.52,319.48, London Flagship,electronics
ORD600219,24/06/2025,C00003,P002,S003,R003,2,839,484.98,354.02,BIRMINGHAM CENTRAL,ELECTRONICS
ORD600220,25/06/2025,C00003,P006,S003,R002,2,1677,975.78,701.22,Birmingham Central,Gaming
ORD600221,26/06/2025,C00001,P006,S001,R001,5,2491,1774.42,716.58,London Flagship,gaming
ORD600222,27/06/2025,C00001,P001,S003,R002,4,576,407.43,168.57,Birmingham Central ,Electronics
ORD600223,28/06/2025,C00001,P005,S002,R002,5,1615,956.56,658.44,Manchester Arndale ,HOME OFFICE
ORD600224,01/06/2025,C00003,P003,S003,R002,2,455,322.87,132.13,BIRMINGHAM CENTRAL,ACCESSORIES
ORD600225,02/06/2025,C00003,P004,S003,R001,5,703,424.44,278.56,Birmingham Central,ELECTRONICS
ORD600226,03/06/2025,C00003,P001,S003,R001,4,2197,1709.93,487.07,Birmingham Central,electronics
ORD600227,04/06/2025,C00004,P001,S003,R001,2,584,462.56,121.44,BIRMINGHAM CENTRAL,ELECTRONICS
ORD600228,05/06/2025,C00002,P002,S001,R002,2,1115,684.25,430.75,London Flagship ,ELECTRONICS
ORD600229,06/06/2025,C00004,P004,S001,R001,2,1366,768.2,597.8,London Flagship ,ELECTRONICS
ORD600230,07/06/2025,C00001,P004,S001,R001,5,2087,1429.86,657.14,LONDON FLAGSHIP,Electronics
ORD600231,08/06/2025,C00004,P001,S002,R003,1,1747,1190.96,556.04,MANCHESTER ARNDALE,Electronics
ORD600232,09/06/2025,C00004,P001,S002,R003,1,598,348.7,249.3,Manchester Arndale,Electronics
ORD600233,10/06/2025,C00004,P005,S002,R002,1,2333,1594.01,738.99,Manchester Arndale,HOME OFFICE
ORD600234,11/06/2025,C00001,P006,S001,R002,5,1606,1061.02,544.98, London Flagship,Gaming
ORD600235,12/06/2025,C00002,P004,S001,R002,2,462,355.21,106.79,London Flagship ,Electronics
ORD600236,13/06/2025,C00001,P006,S001,R001,1,1119,865.99,253.01, London Flagship,GAMING
ORD600237,14/06/2025,C00002,P006,S003,R003,3,1994,1433.14,560.86,Birmingham Central,gaming
ORD600238,15/06/2025,C00002,P001,S003,R001,4,1237,793.69,443.31,Birmingham Central,Electronics
ORD600239,16/06/2025,C00004,P003,S003,R001,4,826,510.16,315.84,Birmingham Central ,accessories
ORD600240,17/06/2025,C00003,P006,S001,R002,2,1106,671.65,434.35, London Flagship,Gaming
ORD600241,18/06/2025,C00004,P006,S001,R003,4,1670,997.28,672.72,LONDON FLAGSHIP,gaming
ORD600242,19/06/2025,C00003,P006,S001,R003,5,1658,1268.86,389.14,London Flagship ,gaming
ORD600243,20/06/2025,C00004,P002,S001,R001,1,2424,1874.33,549.67,London Flagship,Electronics
ORD600244,21/06/2025,C00004,P002,S002,R001,1,165,118.27,46.73,Manchester Arndale,Electronics
ORD600245,22/06/2025,C00001,P006,S002,R001,4,870,619.02,250.98,Manchester Arndale,Gaming
ORD600246,23/06/2025,C00004,P005,S001,R003,3,2403,1918.86,484.14,London Flagship,Home Office
ORD600247,24/06/2025,C00004,P003,S003,R001,3,560,319.18,240.82, Birmingham Central,Accessories
ORD600248,25/06/2025,C00004,P006,S001,R001,3,1839,1304.15,534.85,LONDON FLAGSHIP,gaming
ORD600249,26/06/2025,C00002,P006,S001,R001,2,1455,1075.47,379.53,LONDON FLAGSHIP,gaming
ORD600250,27/06/2025,C00004,P004,S001,R002,2,1220,739.64,480.36, London Flagship,ELECTRONICS
ORD600251,28/06/2025,C00003,P001,S003,R003,4,333,238.31,94.69,Birmingham Central ,Electronics
ORD600252,01/06/2025,C00004,P004,S003,R002,2,812,500.22,311.78,Birmingham Central,ELECTRONICS
ORD600253,02/06/2025,C00004,P001,S002,R001,3,1756,1119.6,636.4,MANCHESTER ARNDALE,Electronics
ORD600254,03/06/2025,C00001,P003,S002,R001,4,1600,1139.26,460.74,Manchester Arndale ,accessories
ORD600255,04/06/2025,C00004,P004,S001,R001,2,385,254.72,130.28,London Flagship,ELECTRONICS
ORD600256,05/06/2025,C00004,P001,S001,R002,2,1461,841.89,619.11,LONDON FLAGSHIP,electronics
ORD600257,06/06/2025,C00002,P005,S002,R001,1,2310,1316.43,993.57,Manchester Arndale,HOME OFFICE
ORD600258,07/06/2025,C00003,P001,S001,R002,2,1106,808.46,297.54,London Flagship,electronics
ORD600259,08/06/2025,C00004,P004,S001,R001,1,883,523.63,359.37,London Flagship,ELECTRONICS
ORD600260,09/06/2025,C00001,P005,S001,R001,5,1370,1080.33,289.67, London Flagship,Home Office
ORD600261,10/06/2025,C00004,P002,S001,R002,5,1121,821.33,299.67,LONDON FLAGSHIP,Electronics
ORD600262,11/06/2025,C00001,P004,S003,R002,2,1629,1035.08,593.92,BIRMINGHAM CENTRAL,ELECTRONICS
ORD600263,12/06/2025,C00002,P001,S001,R001,4,2042,1470.27,571.73, London Flagship,Electronics
ORD600264,13/06/2025,C00002,P005,S001,R003,5,2230,1352.67,877.33,LONDON FLAGSHIP,Home Office
ORD600265,14/06/2025,C00002,P002,S001,R001,4,860,535.15,324.85,LONDON FLAGSHIP,Electronics
ORD600266,15/06/2025,C00003,P005,S001,R002,5,534,412.04,121.96,London Flagship ,HOME OFFICE
ORD600267,16/06/2025,C00002,P006,S003,R003,3,1009,580.95,428.05, Birmingham Central,GAMING
ORD600268,17/06/2025,C00002,P005,S002,R002,2,457,267.18,189.82, Manchester Arndale,Home Office
ORD600269,18/06/2025,C00003,P005,S002,R001,1,263,186.09,76.91,Manchester Arndale,Home Office
ORD600270,19/06/2025,C00002,P001,S001,R003,3,2459,1375.63,1083.37, London Flagship,Electronics
ORD600271,20/06/2025,C00001,P006,S001,R001,2,487,327.89,159.11,London Flagship ,GAMING
ORD600272,21/06/2025,C00003,P001,S002,R002,3,1921,1193.24,727.76,Manchester Arndale ,ELECTRONICS
ORD600273,22/06/2025,C00002,P005,S002,R002,3,620,430.7,189.3,Manchester Arndale ,Home Office
ORD600274,23/06/2025,C00001,P005,S001,R002,4,1250,881.6,368.4,LONDON FLAGSHIP,home office
ORD600275,24/06/2025,C00003,P003,S002,R001,1,2463,1623.37,839.63,Manchester Arndale ,ACCESSORIES
ORD600276,25/06/2025,C00001,P002,S002,R002,4,1307,820.98,486.02,Manchester Arndale ,electronics
ORD600277,26/06/2025,C00002,P001,S003,R002,5,1791,1349.6,441.4,Birmingham Central,Electronics
ORD600278,27/06/2025,C00002,P003,S003,R001,1,1515,1038.17,476.83, Birmingham Central,Accessories
ORD600279,28/06/2025,C00003,P004,S001,R003,3,1450,1063.51,386.49,London Flagship ,electronics
ORD600280,01/06/2025,C00002,P006,S003,R002,4,1310,913.07,396.93, Birmingham Central,Gaming
ORD600281,02/06/2025,C00002,P001,S002,R003,3,771,449.5,321.5,Manchester Arndale,Electronics
ORD600282,03/06/2025,C00002,P002,S002,R002,3,1003,568.11,434.89,Manchester Arndale ,electronics
ORD600283,04/06/2025,C00004,P001,S001,R002,1,445,255.1,189.9,LONDON FLAGSHIP,electronics
ORD600284,05/06/2025,C00002,P004,S001,R002,4,1281,802.89,478.11, London Flagship,Electronics
ORD600285,06/06/2025,C00003,P004,S001,R003,2,1403,1119.34,283.66,LONDON FLAGSHIP,Electronics
ORD600286,07/06/2025,C00002,P001,S002,R002,1,716,496.29,219.71, Manchester Arndale,ELECTRONICS
ORD600287,08/06/2025,C00003,P004,S003,R003,3,2375,1863.03,511.97, Birmingham Central,ELECTRONICS
ORD600288,09/06/2025,C00002,P003,S003,R003,4,2278,1397.81,880.19,Birmingham Central ,Accessories
ORD600289,10/06/2025,C00004,P004,S001,R001,1,145,99.92,45.08, London Flagship,Electronics
ORD600290,11/06/2025,C00003,P003,S003,R003,1,601,441.68,159.32,Birmingham Central,Accessories
ORD600291,12/06/2025,C00001,P003,S001,R002,3,1167,710.25,456.75,London Flagship,ACCESSORIES
ORD600292,13/06/2025,C00001,P006,S001,R002,2,1240,722.28,517.72,London Flagship,Gaming
ORD600293,14/06/2025,C00003,P002,S003,R002,2,982,552.58,429.42,BIRMINGHAM CENTRAL,Electronics
ORD600294,15/06/2025,C00002,P005,S002,R002,4,2333,1336.63,996.37,MANCHESTER ARNDALE,HOME OFFICE
ORD600295,16/06/2025,C00003,P005,S002,R001,4,911,589.99,321.01,Manchester Arndale ,Home Office
ORD600296,17/06/2025,C00001,P001,S003,R001,5,702,495.62,206.38,BIRMINGHAM CENTRAL,ELECTRONICS
ORD600297,18/06/2025,C00004,P001,S003,R003,5,639,423.04,215.96,Birmingham Central ,ELECTRONICS
ORD600298,19/06/2025,C00001,P005,S001,R001,5,398,247.89,150.11,LONDON FLAGSHIP,Home Office
ORD600299,20/06/2025,C00003,P001,S003,R001,5,1198,808.78,389.22, Birmingham Central,Electronics
ORD600300,21/06/2025,C00004,P003,S002,R001,3,2493,1440.82,1052.18,MANCHESTER ARNDALE,Accessories
ORD600301,22/06/2025,C00001,P005,S002,R003,2,1687,1216.68,470.32, Manchester Arndale,home office
ORD600302,23/06/2025,C00004,P002,S003,R002,4,526,361.87,164.13, Birmingham Central,Electronics
ORD600303,24/06/2025,C00001,P004,S002,R001,1,413,227.38,185.62,Manchester Arndale ,Electronics
ORD600304,25/06/2025,C00002,P001,S002,R001,1,1981,1554.25,426.75,Manchester Arndale ,Electronics
ORD600305,26/06/2025,C00002,P002,S002,R001,2,573,393.22,179.78,Manchester Arndale ,ELECTRONICS
ORD600306,27/06/2025,C00003,P003,S001,R001,4,1356,1041.88,314.12, London Flagship,ACCESSORIES
ORD600307,28/06/2025,C00002,P005,S001,R002,4,2355,1359.71,995.29,London Flagship ,home office
ORD600308,01/06/2025,C00002,P002,S002,R003,4,1855,1307.48,547.52, Manchester Arndale,Electronics
ORD600309,02/06/2025,C00001,P005,S001,R001,1,1475,997.13,477.87,London Flagship,HOME OFFICE
ORD600310,03/06/2025,C00004,P005,S002,R002,4,639,487.5,151.5,MANCHESTER ARNDALE,home office
ORD600311,04/06/2025,C00001,P002,S001,R002,4,1041,649.73,391.27, London Flagship,electronics
ORD600312,05/06/2025,C00002,P003,S001,R001,4,2235,1406.7,828.3,London Flagship,accessories
ORD600313,06/06/2025,C00002,P003,S003,R002,3,2358,1545.21,812.79,BIRMINGHAM CENTRAL,Accessories
ORD600314,07/06/2025,C00002,P005,S002,R003,2,1081,733.23,347.77,Manchester Arndale,Home Office
ORD600315,08/06/2025,C00004,P006,S002,R001,2,871,551.67,319.33, Manchester Arndale,GAMING
ORD600316,09/06/2025,C00004,P006,S003,R003,5,1971,1447.55,523.45,Birmingham Central,Gaming
ORD600317,10/06/2025,C00003,P004,S002,R003,5,1562,1033.29,528.71,Manchester Arndale ,ELECTRONICS
ORD600318,11/06/2025,C00004,P002,S001,R002,2,1726,1224.18,501.82,London Flagship ,Electronics
ORD600319,12/06/2025,C00002,P005,S003,R003,5,1449,1025.32,423.68,BIRMINGHAM CENTRAL,home office
ORD600320,13/06/2025,C00001,P003,S003,R003,2,2223,1431.87,791.13, Birmingham Central,accessories
ORD600321,14/06/2025,C00002,P003,S001,R003,1,146,104.11,41.89, London Flagship,accessories
ORD600322,15/06/2025,C00001,P004,S001,R002,5,224,135.04,88.96,LONDON FLAGSHIP,Electronics
ORD600323,16/06/2025,C00004,P005,S002,R003,1,680,446.37,233.63, Manchester Arndale,HOME OFFICE
ORD600324,17/06/2025,C00001,P003,S002,R001,2,953,633.64,319.36,Manchester Arndale ,accessories
ORD600325,18/06/2025,C00004,P003,S001,R002,4,764,542.69,221.31,London Flagship ,accessories
ORD600326,19/06/2025,C00003,P001,S003,R001,1,2299,1378.37,920.63,BIRMINGHAM CENTRAL,Electronics
ORD600327,20/06/2025,C00004,P005,S002,R003,5,2230,1614.99,615.01,Manchester Arndale ,HOME OFFICE
ORD600328,21/06/2025,C00002,P006,S001,R002,5,590,341.77,248.23,London Flagship ,GAMING
ORD600329,22/06/2025,C00004,P005,S002,R002,2,604,476.94,127.06,Manchester Arndale ,HOME OFFICE
ORD600330,23/06/2025,C00001,P004,S002,R002,5,1556,979.1,576.9,Manchester Arndale ,electronics
ORD600331,24/06/2025,C00003,P003,S001,R002,3,1380,1016.04,363.96,London Flagship,accessories
ORD600332,25/06/2025,C00002,P003,S001,R002,3,323,220.46,102.54,LONDON FLAGSHIP,ACCESSORIES
ORD600333,26/06/2025,C00002,P005,S003,R003,2,760,525.03,234.97, Birmingham Central,Home Office
ORD600334,27/06/2025,C00004,P003,S003,R001,3,684,376.55,307.45, Birmingham Central,ACCESSORIES
ORD600335,28/06/2025,C00002,P005,S003,R003,1,211,147.06,63.94, Birmingham Central,home office
ORD600336,01/06/2025,C00003,P005,S003,R002,3,1642,1124.12,517.88, Birmingham Central,HOME OFFICE
ORD600337,02/06/2025,C00001,P002,S002,R002,1,2344,1576.24,767.76, Manchester Arndale,Electronics
ORD600338,03/06/2025,C00003,P001,S003,R003,1,2113,1294.03,818.97,BIRMINGHAM CENTRAL,ELECTRONICS
ORD600339,04/06/2025,C00004,P004,S002,R003,2,1207,856.87,350.13,MANCHESTER ARNDALE,ELECTRONICS
ORD600340,05/06/2025,C00002,P004,S001,R003,5,1493,989.6,503.4,London Flagship ,Electronics
ORD600341,06/06/2025,C00001,P005,S002,R003,2,1885,1135.51,749.49,Manchester Arndale,home office
ORD600342,07/06/2025,C00003,P001,S002,R002,3,1609,1250.36,358.64,MANCHESTER ARNDALE,electronics
ORD600343,08/06/2025,C00001,P005,S002,R003,3,628,489.3,138.7,MANCHESTER ARNDALE,Home Office
ORD600344,09/06/2025,C00003,P002,S002,R001,3,1465,1042.17,422.83,Manchester Arndale,ELECTRONICS
ORD600345,10/06/2025,C00003,P002,S003,R002,3,1944,1096.67,847.33,BIRMINGHAM CENTRAL,electronics
ORD600346,11/06/2025,C00004,P002,S003,R002,5,424,236.15,187.85, Birmingham Central,Electronics
ORD600347,12/06/2025,C00001,P003,S003,R001,3,1158,810.42,347.58,BIRMINGHAM CENTRAL,Accessories
ORD600348,13/06/2025,C00003,P001,S001,R003,3,1659,1098.78,560.22,LONDON FLAGSHIP,ELECTRONICS
ORD600349,14/06/2025,C00003,P004,S001,R001,4,1460,1060.82,399.18, London Flagship,ELECTRONICS
ORD600350,15/06/2025,C00004,P006,S002,R001,5,368,271.41,96.59,Manchester Arndale ,gaming
ORD600351,16/06/2025,C00003,P004,S001,R003,2,1106,659.58,446.42,London Flagship ,ELECTRONICS
ORD600352,17/06/2025,C00004,P006,S003,R001,5,724,560.44,163.56, Birmingham Central,gaming
ORD600353,18/06/2025,C00002,P002,S003,R002,2,1421,1093.58,327.42, Birmingham Central,Electronics
ORD600354,19/06/2025,C00001,P001,S001,R001,5,841,562.16,278.84,London Flagship,Electronics
ORD600355,20/06/2025,C00001,P006,S001,R001,1,2416,1810.97,605.03,London Flagship ,Gaming
ORD600356,21/06/2025,C00003,P002,S002,R003,2,2260,1255.91,1004.09,Manchester Arndale,Electronics
ORD600357,22/06/2025,C00004,P006,S001,R003,1,1557,1031.89,525.11, London Flagship,GAMING
ORD600358,23/06/2025,C00004,P001,S003,R001,1,275,218.69,56.31,Birmingham Central ,electronics
ORD600359,24/06/2025,C00004,P001,S001,R002,5,1217,694.04,522.96, London Flagship,Electronics
ORD600360,25/06/2025,C00004,P004,S003,R002,2,2463,1401.38,1061.62,Birmingham Central ,electronics
ORD600361,26/06/2025,C00003,P005,S002,R003,3,2460,1730.18,729.82,MANCHESTER ARNDALE,HOME OFFICE
ORD600362,27/06/2025,C00004,P006,S003,R001,2,1675,1007.58,667.42,BIRMINGHAM CENTRAL,gaming
ORD600363,28/06/2025,C00004,P006,S001,R001,4,888,567.6,320.4,London Flagship,GAMING
ORD600364,01/06/2025,C00003,P003,S001,R002,1,1385,991.93,393.07,London Flagship ,Accessories
ORD600365,02/06/2025,C00004,P004,S002,R002,3,636,481.19,154.81,Manchester Arndale,Electronics
ORD600366,03/06/2025,C00004,P003,S002,R002,2,2334,1699.69,634.31,MANCHESTER ARNDALE,accessories
ORD600367,04/06/2025,C00004,P006,S002,R002,5,1529,932.92,596.08, Manchester Arndale,Gaming
ORD600368,05/06/2025,C00003,P004,S002,R003,2,1016,740.01,275.99,Manchester Arndale ,electronics
ORD600369,06/06/2025,C00003,P003,S001,R001,5,734,558.22,175.78,LONDON FLAGSHIP,ACCESSORIES
ORD600370,07/06/2025,C00003,P002,S001,R003,1,580,373.91,206.09, London Flagship,Electronics
ORD600371,08/06/2025,C00003,P001,S002,R003,1,2004,1380.79,623.21,Manchester Arndale ,electronics
ORD600372,09/06/2025,C00003,P004,S003,R003,4,982,604.2,377.8,Birmingham Central ,Electronics
ORD600373,10/06/2025,C00003,P006,S002,R001,3,1963,1395.46,567.54,Manchester Arndale,gaming
ORD600374,11/06/2025,C00004,P005,S002,R001,1,441,300.78,140.22,Manchester Arndale,HOME OFFICE
ORD600375,12/06/2025,C00004,P001,S002,R002,5,1199,943.04,255.96, Manchester Arndale,ELECTRONICS
ORD600376,13/06/2025,C00004,P006,S003,R002,4,1396,1071.46,324.54,BIRMINGHAM CENTRAL,GAMING
ORD600377,14/06/2025,C00004,P005,S001,R001,1,1261,866.72,394.28, London Flagship,HOME OFFICE
ORD600378,15/06/2025,C00004,P006,S002,R003,3,238,139.58,98.42,Manchester Arndale ,gaming
ORD600379,16/06/2025,C00004,P002,S003,R002,2,137,103.57,33.43, Birmingham Central,ELECTRONICS
ORD600380,17/06/2025,C00002,P006,S003,R002,5,461,328.1,132.9,Birmingham Central ,gaming
ORD600381,18/06/2025,C00004,P001,S001,R003,1,561,382.6,178.4, London Flagship,electronics
ORD600382,19/06/2025,C00002,P005,S003,R002,5,176,129.64,46.36,BIRMINGHAM CENTRAL,home office
ORD600383,20/06/2025,C00002,P001,S001,R001,1,2334,1602.91,731.09,London Flagship ,Electronics
ORD600384,21/06/2025,C00002,P003,S001,R001,3,1049,811.26,237.74,London Flagship ,ACCESSORIES
ORD600385,22/06/2025,C00002,P004,S001,R003,1,541,393.22,147.78,LONDON FLAGSHIP,Electronics
ORD600386,23/06/2025,C00001,P006,S003,R002,2,2376,1702.53,673.47,Birmingham Central,gaming
ORD600387,24/06/2025,C00002,P005,S002,R002,3,1095,714.44,380.56,MANCHESTER ARNDALE,Home Office
ORD600388,25/06/2025,C00002,P004,S001,R003,5,1896,1191.39,704.61,LONDON FLAGSHIP,electronics
ORD600389,26/06/2025,C00001,P001,S001,R003,2,1653,973.98,679.02,LONDON FLAGSHIP,Electronics
ORD600390,27/06/2025,C00003,P003,S001,R001,3,1781,1084.08,696.92,London Flagship,Accessories
ORD600391,28/06/2025,C00004,P002,S002,R002,5,2378,1809.37,568.63,Manchester Arndale ,electronics
ORD600392,01/06/2025,C00004,P005,S003,R001,5,281,220.64,60.36, Birmingham Central,home office
ORD600393,02/06/2025,C00004,P001,S001,R002,4,1520,963.31,556.69,London Flagship,electronics
ORD600394,03/06/2025,C00002,P002,S003,R003,1,1755,1099.36,655.64, Birmingham Central,ELECTRONICS
ORD600395,04/06/2025,C00001,P001,S002,R002,3,1509,1079.34,429.66,MANCHESTER ARNDALE,electronics
ORD600396,05/06/2025,C00002,P002,S002,R003,5,1030,752.48,277.52,MANCHESTER ARNDALE,electronics
ORD600397,06/06/2025,C00002,P005,S003,R002,4,1296,917.16,378.84,BIRMINGHAM CENTRAL,Home Office
ORD600398,07/06/2025,C00001,P005,S002,R002,2,748,463,285,MANCHESTER ARNDALE,Home Office
ORD600399,08/06/2025,C00004,P002,S003,R001,4,2176,1437.92,738.08, Birmingham Central,electronics
ORD600400,09/06/2025,C00002,P006,S002,R001,3,707,559.98,147.02,Manchester Arndale ,gaming
ORD600401,10/06/2025,C00004,P004,S003,R003,5,868,548.27,319.73, Birmingham Central,electronics
ORD600402,11/06/2025,C00002,P006,S001,R002,5,1547,1229.58,317.42, London Flagship,Gaming
ORD600403,12/06/2025,C00004,P006,S001,R003,4,692,408.93,283.07,London Flagship ,gaming
ORD600404,13/06/2025,C00001,P002,S003,R001,1,183,107.04,75.96,Birmingham Central,electronics
ORD600405,14/06/2025,C00001,P005,S001,R002,1,2224,1403.49,820.51,LONDON FLAGSHIP,home office
ORD600406,15/06/2025,C00004,P004,S003,R002,4,2104,1459.88,644.12,BIRMINGHAM CENTRAL,Electronics
ORD600407,16/06/2025,C00002,P006,S001,R001,1,2248,1378.54,869.46,London Flagship,gaming
ORD600408,17/06/2025,C00004,P006,S002,R001,4,333,220.3,112.7, Manchester Arndale,Gaming
ORD600409,18/06/2025,C00001,P005,S001,R002,4,891,620.63,270.37, London Flagship,Home Office
ORD600410,19/06/2025,C00003,P005,S003,R003,3,1351,947.38,403.62,BIRMINGHAM CENTRAL,HOME OFFICE
ORD600411,20/06/2025,C00002,P001,S002,R001,2,1192,896.98,295.02,MANCHESTER ARNDALE,Electronics
ORD600412,21/06/2025,C00004,P005,S003,R001,4,462,366.03,95.97,BIRMINGHAM CENTRAL,home office
ORD600413,22/06/2025,C00003,P006,S001,R001,1,1523,971.59,551.41,LONDON FLAGSHIP,gaming
ORD600414,23/06/2025,C00004,P001,S003,R003,1,1473,1129.82,343.18, Birmingham Central,ELECTRONICS
ORD600415,24/06/2025,C00003,P004,S002,R001,2,1495,1009.64,485.36,MANCHESTER ARNDALE,Electronics
ORD600416,25/06/2025,C00004,P002,S003,R003,3,1016,582.59,433.41,Birmingham Central,ELECTRONICS
ORD600417,26/06/2025,C00001,P004,S002,R002,2,1100,875.78,224.22, Manchester Arndale,Electronics
ORD600418,27/06/2025,C00002,P005,S001,R003,4,1910,1247.07,662.93,London Flagship,Home Office
ORD600419,28/06/2025,C00003,P003,S002,R002,5,2253,1740.32,512.68,Manchester Arndale ,Accessories
ORD600420,01/06/2025,C00002,P004,S002,R002,1,528,305.39,222.61, Manchester Arndale,electronics
ORD600421,02/06/2025,C00003,P003,S001,R002,1,1084,758.18,325.82, London Flagship,Accessories
ORD600422,03/06/2025,C00001,P003,S001,R001,1,618,405.11,212.89,LONDON FLAGSHIP,accessories
ORD600423,04/06/2025,C00001,P004,S003,R001,1,1190,700.04,489.96,BIRMINGHAM CENTRAL,electronics
ORD600424,05/06/2025,C00003,P002,S001,R003,3,2199,1747.94,451.06, London Flagship,Electronics
ORD600425,06/06/2025,C00002,P004,S001,R001,5,1199,913.44,285.56,LONDON FLAGSHIP,electronics
ORD600426,07/06/2025,C00002,P006,S003,R002,4,1681,1034.8,646.2,Birmingham Central,GAMING
ORD600427,08/06/2025,C00002,P004,S001,R003,1,1452,824.81,627.19,London Flagship ,ELECTRONICS
ORD600428,09/06/2025,C00001,P003,S002,R002,1,1255,695.26,559.74, Manchester Arndale,ACCESSORIES
ORD600429,10/06/2025,C00001,P006,S003,R003,1,776,599.35,176.65, Birmingham Central,GAMING
ORD600430,11/06/2025,C00004,P005,S003,R002,3,633,382.94,250.06,Birmingham Central ,Home Office
ORD600431,12/06/2025,C00002,P002,S002,R001,5,482,348.49,133.51,Manchester Arndale ,electronics
ORD600432,13/06/2025,C00002,P005,S003,R003,3,548,357.55,190.45, Birmingham Central,Home Office
ORD600433,14/06/2025,C00003,P006,S002,R001,4,1890,1480.53,409.47,MANCHESTER ARNDALE,gaming
ORD600434,15/06/2025,C00004,P001,S002,R001,1,293,192.94,100.06,Manchester Arndale ,electronics
ORD600435,16/06/2025,C00003,P002,S003,R002,1,496,340.54,155.46,BIRMINGHAM CENTRAL,Electronics
ORD600436,17/06/2025,C00003,P005,S001,R003,3,1236,733.85,502.15,London Flagship,Home Office
ORD600437,18/06/2025,C00004,P004,S002,R002,3,2325,1775.7,549.3, Manchester Arndale,Electronics
ORD600438,19/06/2025,C00003,P005,S003,R001,2,975,715.02,259.98, Birmingham Central,home office
ORD600439,20/06/2025,C00001,P005,S002,R002,1,2220,1380.71,839.29,Manchester Arndale ,home office
ORD600440,21/06/2025,C00002,P003,S001,R003,2,222,151.83,70.17,London Flagship ,Accessories
ORD600441,22/06/2025,C00004,P003,S001,R001,1,2038,1543.88,494.12,London Flagship,accessories
ORD600442,23/06/2025,C00001,P005,S002,R001,5,1726,1281.28,444.72,Manchester Arndale,Home Office
ORD600443,24/06/2025,C00002,P003,S001,R002,4,170,96.18,73.82,LONDON FLAGSHIP,ACCESSORIES
ORD600444,25/06/2025,C00001,P001,S002,R001,3,2000,1539.88,460.12, Manchester Arndale,ELECTRONICS
ORD600445,26/06/2025,C00002,P003,S002,R001,2,1089,688.71,400.29,Manchester Arndale,ACCESSORIES
ORD600446,27/06/2025,C00001,P004,S001,R003,2,102,78.48,23.52, London Flagship,ELECTRONICS
ORD600447,28/06/2025,C00002,P005,S001,R003,1,269,177.01,91.99,LONDON FLAGSHIP,HOME OFFICE
ORD600448,01/06/2025,C00003,P006,S003,R002,4,1141,825.51,315.49,Birmingham Central,gaming
ORD600449,02/06/2025,C00002,P002,S001,R003,2,1633,1268.79,364.21,London Flagship,electronics
ORD600450,03/06/2025,C00003,P005,S001,R001,4,1062,825.05,236.95,London Flagship,Home Office
ORD600451,04/06/2025,C00003,P001,S002,R002,2,1997,1554.2,442.8,Manchester Arndale ,ELECTRONICS
ORD600452,05/06/2025,C00001,P003,S003,R002,4,223,159.61,63.39,Birmingham Central ,ACCESSORIES
ORD600453,06/06/2025,C00001,P002,S003,R002,2,1164,896.81,267.19, Birmingham Central,ELECTRONICS
ORD600454,07/06/2025,C00001,P004,S003,R002,4,1428,828.12,599.88,Birmingham Central,ELECTRONICS
ORD600455,08/06/2025,C00003,P006,S002,R003,4,255,177.67,77.33,Manchester Arndale ,GAMING
ORD600456,09/06/2025,C00003,P004,S001,R001,5,1103,771.26,331.74,London Flagship ,electronics
ORD600457,10/06/2025,C00001,P004,S001,R001,2,743,493.22,249.78,London Flagship ,ELECTRONICS
ORD600458,11/06/2025,C00001,P005,S002,R003,1,1977,1377.76,599.24, Manchester Arndale,Home Office
ORD600459,12/06/2025,C00001,P005,S001,R003,2,1137,792.44,344.56,London Flagship,Home Office
ORD600460,13/06/2025,C00003,P005,S001,R001,1,1189,778.77,410.23,London Flagship,Home Office
ORD600461,14/06/2025,C00002,P001,S003,R003,2,2301,1656.37,644.63, Birmingham Central,Electronics
ORD600462,15/06/2025,C00001,P005,S002,R002,1,718,523.53,194.47,Manchester Arndale ,HOME OFFICE
ORD600463,16/06/2025,C00001,P005,S003,R002,5,786,472.5,313.5,Birmingham Central ,HOME OFFICE
ORD600464,17/06/2025,C00002,P004,S001,R003,4,982,607.77,374.23,LONDON FLAGSHIP,ELECTRONICS
ORD600465,18/06/2025,C00004,P004,S003,R001,1,210,153.29,56.71, Birmingham Central,electronics
ORD600466,19/06/2025,C00003,P005,S001,R001,4,825,572.09,252.91,LONDON FLAGSHIP,Home Office
ORD600467,20/06/2025,C00002,P001,S001,R003,1,999,622.34,376.66,London Flagship ,Electronics
ORD600468,21/06/2025,C00004,P005,S001,R002,5,1858,1368.91,489.09,LONDON FLAGSHIP,home office
ORD600469,22/06/2025,C00001,P001,S001,R002,3,967,583.77,383.23,London Flagship ,ELECTRONICS
ORD600470,23/06/2025,C00002,P003,S002,R002,2,734,505.95,228.05, Manchester Arndale,accessories
ORD600471,24/06/2025,C00002,P003,S003,R001,3,1265,840.05,424.95,BIRMINGHAM CENTRAL,accessories
ORD600472,25/06/2025,C00001,P004,S002,R001,3,660,388.92,271.08,Manchester Arndale,ELECTRONICS
ORD600473,26/06/2025,C00001,P004,S002,R001,1,1444,1132.68,311.32, Manchester Arndale,Electronics
ORD600474,27/06/2025,C00003,P004,S001,R002,2,540,408.08,131.92, London Flagship,ELECTRONICS
ORD600475,28/06/2025,C00002,P004,S001,R001,3,2470,1967.62,502.38,London Flagship ,ELECTRONICS
ORD600476,01/06/2025,C00004,P005,S003,R001,5,200,157.55,42.45, Birmingham Central,home office
ORD600477,02/06/2025,C00002,P002,S001,R002,3,2387,1452.05,934.95, London Flagship,ELECTRONICS
ORD600478,03/06/2025,C00001,P005,S002,R001,5,821,503.87,317.13,Manchester Arndale,home office
ORD600479,04/06/2025,C00004,P005,S001,R002,5,1537,882.27,654.73,LONDON FLAGSHIP,HOME OFFICE
ORD600480,05/06/2025,C00004,P001,S001,R003,1,1462,854.73,607.27, London Flagship,ELECTRONICS
ORD600481,06/06/2025,C00001,P006,S003,R002,2,1091,601.33,489.67, Birmingham Central,GAMING
ORD600482,07/06/2025,C00003,P005,S003,R003,4,1470,891.82,578.18,Birmingham Central ,Home Office
ORD600483,08/06/2025,C00003,P002,S001,R001,1,687,385.09,301.91, London Flagship,ELECTRONICS
ORD600484,09/06/2025,C00004,P002,S002,R002,3,1814,1349.02,464.98,MANCHESTER ARNDALE,electronics
ORD600485,10/06/2025,C00001,P003,S002,R003,2,458,306.77,151.23,Manchester Arndale,ACCESSORIES
ORD600486,11/06/2025,C00004,P006,S003,R002,1,625,400.2,224.8,BIRMINGHAM CENTRAL,gaming
ORD600487,12/06/2025,C00002,P001,S003,R001,4,175,130.88,44.12,BIRMINGHAM CENTRAL,ELECTRONICS
ORD600488,13/06/2025,C00003,P002,S001,R002,5,2419,1747.49,671.51,LONDON FLAGSHIP,ELECTRONICS
ORD600489,14/06/2025,C00001,P003,S001,R001,4,1921,1408.43,512.57,LONDON FLAGSHIP,accessories
ORD600490,15/06/2025,C00002,P004,S001,R002,4,2432,1394.36,1037.64, London Flagship,Electronics
ORD600491,16/06/2025,C00003,P001,S001,R003,4,880,673.32,206.68,London Flagship ,electronics
ORD600492,17/06/2025,C00003,P005,S001,R002,5,967,730.16,236.84,London Flagship,Home Office
ORD600493,18/06/2025,C00001,P004,S001,R003,4,2007,1231.33,775.67,LONDON FLAGSHIP,ELECTRONICS
ORD600494,19/06/2025,C00001,P006,S003,R002,1,2328,1627.97,700.03,Birmingham Central ,GAMING
ORD600495,20/06/2025,C00004,P001,S002,R002,5,255,152.38,102.62,Manchester Arndale ,ELECTRONICS
ORD600496,21/06/2025,C00003,P002,S001,R003,4,1863,1296.26,566.74,London Flagship,electronics
ORD600497,22/06/2025,C00002,P005,S001,R002,5,1894,1457.09,436.91, London Flagship,home office
ORD600498,23/06/2025,C00002,P006,S002,R001,3,1445,947.2,497.8,Manchester Arndale ,GAMING
ORD600499,24/06/2025,C00002,P001,S002,R002,2,2408,1925.65,482.35,Manchester Arndale,electronics
ORD600500,25/06/2025,C00004,P006,S001,R001,4,1331,863.11,467.89,LONDON FLAGSHIP,Gaming
